,var1,var2,correlation
42,feature_21,feature_31,0.9983258917704096
95,feature_75,feature_76,0.9591136382612884
86,feature_73,feature_74,0.9575641048973843
100,feature_77,feature_78,0.9553921252904649
25,feature_15,feature_17,0.9339618349787253
9,feature_12,feature_67,0.9330139619398851
48,feature_29,feature_30,0.9283449587062037
11,feature_12,feature_70,0.9122016661280558
20,feature_14,feature_69,0.9089750892708123
28,feature_15,feature_30,0.9053017275400297
2,feature_02,feature_03,0.8977158198538074
1,feature_00,feature_03,0.8936116184579602
37,feature_17,feature_30,0.888099889697512
94,feature_74,feature_78,0.8869052439266119
0,feature_00,feature_02,0.8863422964274718
89,feature_73,feature_77,0.883243266144678
90,feature_73,feature_78,0.8830327381591928
93,feature_74,feature_77,0.8794503944751569
102,responder_4,responder_7,0.8781975568336068
53,feature_34,feature_35,0.8708226825944138
27,feature_15,feature_29,0.8704832610916918
31,feature_16,feature_17,0.8684058348041616
23,feature_14,feature_72,0.8636885027600649
36,feature_17,feature_29,0.8536524515494045
14,feature_13,feature_68,0.8405664938558992
63,feature_45,feature_56,0.8396947927215281
47,feature_27,feature_28,0.8335379353694218
101,responder_3,responder_6,0.8316144360583576
64,feature_46,feature_57,0.8239596348953675
71,feature_49,feature_60,0.8224792196182874
52,feature_32,feature_35,0.8206870290022098
79,feature_67,feature_70,0.8147051046987599
24,feature_15,feature_16,0.8139931294427434
51,feature_32,feature_34,0.8120556508318466
66,feature_47,feature_58,0.8008653163825985
34,feature_16,feature_30,0.7864938008891673
99,feature_76,feature_78,0.7831142366846761
96,feature_75,feature_77,0.7786110434098854
98,feature_76,feature_77,0.7771074482064094
97,feature_75,feature_78,0.776584766715434
76,feature_62,feature_64,0.7694584795890758
103,responder_5,responder_8,0.7620824325986821
16,feature_13,feature_71,0.760386625182878
33,feature_16,feature_29,0.7569949368799568
40,feature_18,feature_65,0.7566659022736562
41,feature_19,feature_66,0.754535363517645
8,feature_12,feature_14,0.7445711838286638
77,feature_63,feature_64,0.7439114633464465
18,feature_14,feature_67,0.7436486781654631
84,feature_70,feature_72,0.7362089302884186
78,feature_67,feature_69,0.7321624349951785
74,feature_58,feature_60,0.7088134586053276
57,feature_39,feature_50,0.7081379719059455
7,feature_09,feature_11,0.7051844004700508
12,feature_12,feature_72,0.7021193571480822
69,feature_48,feature_59,0.6906856312419847
6,feature_08,feature_38,0.6875823906650246
61,feature_42,feature_53,0.6836424032891553
83,feature_69,feature_72,0.6823977040252116
21,feature_14,feature_70,0.6791422602297033
10,feature_12,feature_69,0.679079662596937
13,feature_13,feature_14,0.6716333695758269
59,feature_40,feature_43,0.6697752984276454
44,feature_23,feature_29,0.6556569219824997
45,feature_23,feature_30,0.6495466198292574
15,feature_13,feature_69,0.6461317018159481
81,feature_68,feature_69,0.64604771016601
92,feature_74,feature_76,0.643120173458395
70,feature_49,feature_58,0.6390613863270115
88,feature_73,feature_76,0.6384427837985908
87,feature_73,feature_75,0.6360669186521579
91,feature_74,feature_75,0.6341029592319352
80,feature_67,feature_72,0.6298530191308274
85,feature_71,feature_72,0.6284481804728776
46,feature_24,feature_25,0.6225695367507614
3,feature_05,feature_07,0.6050465342610942
54,feature_37,feature_38,0.6048544017762892
65,feature_47,feature_49,0.5921823786291835
17,feature_13,feature_72,0.5881381435579002
30,feature_15,feature_64,0.5831894709221158
26,feature_15,feature_23,0.5813765244213942
19,feature_14,feature_68,0.5782616751486636
35,feature_17,feature_23,0.5761309848801007
75,feature_59,feature_60,0.5728607549039864
4,feature_05,feature_47,0.5657419426492519
29,feature_15,feature_62,0.5624296731030942
68,feature_48,feature_49,0.5607993041788408
39,feature_17,feature_64,0.5544516060747234
73,feature_53,feature_55,0.5528716747444313
82,feature_69,feature_70,0.5495115738801947
58,feature_40,feature_41,0.5471707335587114
72,feature_50,feature_52,0.5469360915060041
43,feature_22,feature_23,0.5455754781297495
22,feature_14,feature_71,0.5441570696248028
5,feature_06,feature_07,0.5431187201864072
62,feature_43,feature_44,0.5410309340919044
50,feature_30,feature_64,0.5330865572095941
32,feature_16,feature_23,0.5234230967442832
67,feature_47,feature_60,0.5183776678928379
38,feature_17,feature_62,0.5142254766608059
56,feature_39,feature_41,0.5091705267738723
49,feature_29,feature_64,0.5054439318329351
60,feature_42,feature_44,0.5039213500249516
55,feature_37,feature_57,-0.5320201903433632
